sample_id,block_id,chrom,start,end,length_kb,n_snps,n_het,marker_start,marker_end
HG02490,HG02490:1,chr2,102593137,110019050,7425.9,677,3,9326,10002
HG02490,HG02490:2,chr2,110348800,150465099,40116.3,3735,9,10029,13763
HG02493,HG02493:3,chr2,157984735,169723101,11738.4,1094,0,14465,15558
HG02650,HG02650:5,chr2,120658012,128448213,7790.2,736,0,10976,11711
HG02655,HG02655:6,chr2,18512997,45791394,27278.4,2561,1,1750,4310
HG02655,HG02655:7,chr2,45947597,69137598,23190.0,2194,2,4325,6518
HG02655,HG02655:8,chr2,112442378,130057949,17615.6,1658,2,10207,11864
HG02658,HG02658:9,chr2,166933116,190381978,23448.9,2206,0,15295,17500
HG02660,HG02660:10,chr2,45230414,70791491,25561.1,2418,0,4256,6673
HG02683,HG02683:11,chr2,10496091,32895988,22399.9,2093,1,992,3084
HG02686,HG02686:12,chr2,67785485,75254138,7468.7,688,1,6391,7078
HG02686,HG02686:13,chr2,157852325,169423301,11571.0,1077,1,14453,15529
HG02686,HG02686:14,chr2,191628868,206643831,15015.0,1356,0,17617,18972
HG02690,HG02690:15,chr2,11320,5416685,5405.4,513,1,0,512
HG02690,HG02690:16,chr2,97776768,102225255,4448.5,415,0,8877,9291
HG02692,HG02692:18,chr2,12958153,16273307,3315.2,317,1,1223,1539
HG02699,HG02699:19,chr2,11320,34649426,34638.1,3250,0,0,3249
HG02699,HG02699:20,chr2,162469314,168951852,6482.5,607,1,14879,15485
HG02734,HG02734:25,chr2,19012833,22878775,3865.9,355,0,1797,2151
HG02734,HG02734:26,chr2,26870976,44983815,18112.8,1709,3,2524,4232
HG02734,HG02734:27,chr2,143348020,165548505,22200.5,2058,1,13107,15164
HG02736,HG02736:28,chr2,94959920,98380522,3420.6,270,3,8664,8933
HG02786,HG02786:33,chr2,179583676,189832198,10248.5,959,0,16491,17449
HG02788,HG02788:34,chr2,45937485,50670318,4732.8,450,2,4324,4773
HG02788,HG02788:35,chr2,182836076,191203354,8367.3,781,1,16798,17578
HG02788,HG02788:36,chr2,195960678,203926214,7965.5,728,2,17999,18726
HG02789,HG02789:37,chr2,94526728,98004597,3477.9,272,1,8627,8898
HG02791,HG02791:38,chr2,95050122,98121749,3071.6,239,2,8671,8909
HG03018,HG03018:40,chr2,56286684,62379096,6092.4,572,2,5311,5882
HG03230,HG03230:44,chr2,183582052,210678331,27096.3,2480,2,16869,19348
HG03236,HG03236:45,chr2,107139626,110234619,3095.0,273,3,9749,10021
HG03490,HG03490:46,chr2,94275981,97683520,3407.5,247,4,8623,8869
HG03618,HG03618:47,chr2,224361455,234919188,10557.7,993,3,20633,21625
HG03641,HG03641:49,chr2,32763264,37170327,4407.1,419,0,3071,3489
HG03652,HG03652:50,chr2,94526728,97683520,3156.8,243,3,8627,8869
HG03660,HG03660:51,chr2,94175927,97983619,3807.7,282,2,8615,8896
HG03704,HG03704:54,chr2,94573978,97993650,3419.7,267,2,8631,8897
HG03767,HG03767:57,chr2,16387115,20661447,4274.3,404,0,1550,1953
HG03767,HG03767:58,chr2,120915523,124742353,3826.8,362,0,11000,11361
