sample_id,causal_gene,causal_chrom,n_blocks,spikein
HG01593,ATF6,chr1,48,1
HG02649,DHDDS,chr1,48,1
HG02653,GNAT2,chr1,48,1
HG02656,ATF6,chr1,48,1
HG02659,NEK2,chr1,48,1
HG02684,GNAT2,chr1,48,1
HG02691,INTS11,chr1,48,1
HG02694,NMNAT1,chr1,48,1
HG02701,SEMA4A,chr1,48,1
HG02725,FOXE3,chr1,48,1
HG03022,CRB1,chr1,48,1
HG03237,INTS11,chr1,48,1
HG03491,CRB1,chr1,48,1
HG03625,RPE65,chr1,48,1
HG03633,ABCA4,chr1,48,1
HG03639,COL9A2,chr1,48,1
HG02490,RNU4ATAC,chr2,39,1
HG02493,LRP2,chr2,39,1
HG02650,RNU4ATAC,chr2,39,1
HG02655,IFT172,chr2,39,1
HG02686,TMEM237,chr2,39,1
HG02734,ZNF513,chr2,39,1
HG02736,CNNM4,chr2,39,1
HG02786,NEUROD1,chr2,39,1
HG02788,TMEM237,chr2,39,1
HG02789,CNNM4,chr2,39,1
HG02791,CNNM4,chr2,39,1
HG03018,FAM161A,chr2,39,1
HG03236,NPHP1,chr2,39,1
HG03490,CNNM4,chr2,39,1
HG03618,KCNJ13,chr2,39,1
HG03641,GPATCH11,chr2,39,1
HG03652,CNNM4,chr2,39,1
HG03660,CNNM4,chr2,39,1
HG03704,CNNM4,chr2,39,1
HG03767,RNU4ATAC,chr2,39,1
